1-1-7.wav,291,59b1bd7ecd34a83ee3b68451addef2cd880b57d10f18d97f1bb423ae884bf4da
1-44-59.wav,249,a1fd208a278c63bcc5cfec44d0a4f92ca1fe93251d10d16b1de62c6fd62e4c8f
14-1-7.wav,513,142621d7d6102a02830087ed7a372f8c07d573dff57005b0e43b36f77053105b
14-44-59.wav,173,c4903dfc16cae557f7adff728000e2761625f39876ea06aaf03044f805416a1e
16-1-7.wav,469,718446ad62f3cf6ff385f3e16033c9e0df46840f3aa68e6460c802ee7e4734f1
16-44-59.wav,333,f4c884a118b8ba53fedd570a602bfd6893dae73cccf173267b7c4cc2dce494e7
17-1-7.wav,276,5f171f5af0febd246815138a4aa4508a86e0a7f0c422a2f6e07d06ae180fae87
17-44-59.wav,107,44ed35567793e0f5bfdc9f9182844edd54205864d3c6d4b254d399082cda6372
18-1-7.wav,531,5e3d3b0fa25a0d5486a3841db12d5ed01c7af65f82d9d96dfe1f618a54b0c894
18-44-59.wav,132,49625ee6919b496b7b9bd03aa51d2b18438439f85f99649272953b4bca6a48f4
19-1-7.wav,330,4c78b411d29818b37b707909ed8eb59b23c0a770bcf47863bb83b795edca1a78
19-44-59.wav,140,00c1ea878d8887cce5665b146da732430ab4ea6147c6df3e3b69842b2296b71a
2-1-7.wav,269,861cbfcbfbda699a9394ef89a619d22739855f43c92f9b97ee55f0e6214bb87d
2-44-59.wav,180,304155466419fbdd9f70a6e9af195b2d75ca4a799ee8ef73e4cb48017d548d9a
3-1-7.wav,421,6acfccb1fd5b023a77b150ed81803eca8288ca4b89b07a6ed6c1b38c5accad56
3-44-59.wav,172,3c6130a6e3a24ae6e5b3cce4d47c1e45cc3cde39354f91f78971ad18024a50f2
4-1-7.wav,378,310c633c74c51c95acbe81baceb585571c87d074c45f13f17fcd401a2eb3396a
4-44-59.wav,128,be373be076e8ef5ca9a8cc29fcb7436da47bbbee113c553172c801574d209f1a
5-1-7.wav,323,ca34dc3ffb81ca5cb08e3b1609cb3aba48de7853ff57641a0f714fc1db798c46
5-44-59.wav,229,36ae9489522d6d319cbb84105a869aa2672c5b17f0e1b33d5af37a0cd81f3a48
6-1-7.wav,410,35f93c2f0a94d4be09585346f62c3baf98836c4694a72470ab5174e25e875f0a
6-44-59.wav,78,da40f8d32749f766cf1a2c13837c861188712eb3be998ff15ab33955b43c9992
7-1-7.wav,328,5f85cb777d7f280de2ba23bfe5353f72954086181ddf7e7af99866b53d8ad04c
7-44-59.wav,145,ee647e839f68335ad94466d16aca1192368c323f657ff8032e9dadc05b0724a4
9-1-7.wav,467,88e2bd7eda79a5ec66fa807cc63c2bc097dfa624b547a3e5a1943c5cf06ca4dd
9-44-59.wav,250,8f326af5c977e5f91da78a0d14990f6a5095be9035c41e4187da4f6aa37b8a05
