file,audio_sha256,mode,hops,audio_ms,voiced_hops,fresh_f0_hops,active_hops,gain_gt_0_01_hops,events,first_event_ms,decision_p50_us,decision_p95_us,recording_median_ms,calibrated,volume_floor
1-1-7.wav,e5f955d7b3b6be262bc538cf18edaf8154fa1ee3e6d9e502482678c8041ba2e2,Current,659,13180.0,611,515,291,465,8,820.0,75.017,99.869,NaN,false,0.000000
1-1-7.wav,e5f955d7b3b6be262bc538cf18edaf8154fa1ee3e6d9e502482678c8041ba2e2,Cycles,659,13180.0,611,515,246,345,14,920.0,4.616,19.796,NaN,false,0.000000
1-1-7.wav,e5f955d7b3b6be262bc538cf18edaf8154fa1ee3e6d9e502482678c8041ba2e2,Spectrum,659,13180.0,611,515,166,241,5,4260.0,0.302,165.647,NaN,false,0.000000
1-1-7.wav,e5f955d7b3b6be262bc538cf18edaf8154fa1ee3e6d9e502482678c8041ba2e2,Recording,659,13180.0,611,515,314,362,7,960.0,NaN,NaN,1.781,false,0.006000
1-44-59.wav,dc43135b64af5e882cbf78dcdab2ded800a57e53e2782191d0e7d124e986f768,Current,394,7880.0,333,295,249,323,5,940.0,74.719,89.247,NaN,false,0.000000
1-44-59.wav,dc43135b64af5e882cbf78dcdab2ded800a57e53e2782191d0e7d124e986f768,Cycles,394,7880.0,333,295,153,207,11,1060.0,2.575,8.376,NaN,false,0.000000
1-44-59.wav,dc43135b64af5e882cbf78dcdab2ded800a57e53e2782191d0e7d124e986f768,Spectrum,394,7880.0,333,295,75,99,4,2900.0,0.195,156.557,NaN,false,0.000000
1-44-59.wav,dc43135b64af5e882cbf78dcdab2ded800a57e53e2782191d0e7d124e986f768,Recording,394,7880.0,333,295,151,180,3,2580.0,NaN,NaN,0.459,false,0.006000
14-1-7.wav,56638296b3dee7054a7a057e76ae9d8622a72b31235d44aa9b7214f657acde59,Current,984,19680.0,889,825,513,642,14,580.0,74.527,102.787,NaN,false,0.000000
14-1-7.wav,56638296b3dee7054a7a057e76ae9d8622a72b31235d44aa9b7214f657acde59,Cycles,984,19680.0,889,825,238,561,40,780.0,4.263,9.349,NaN,false,0.000000
14-1-7.wav,56638296b3dee7054a7a057e76ae9d8622a72b31235d44aa9b7214f657acde59,Spectrum,984,19680.0,889,825,94,284,7,8860.0,0.155,168.269,NaN,false,0.000000
14-1-7.wav,56638296b3dee7054a7a057e76ae9d8622a72b31235d44aa9b7214f657acde59,Recording,984,19680.0,889,825,308,435,10,1940.0,NaN,NaN,0.587,false,0.006000
14-44-59.wav,ead26ab27f79a7a05071dae0c6f2ed07e09d32373c7ba827e57cdd722fdad147,Current,376,7520.0,334,280,173,199,6,560.0,75.093,82.508,NaN,false,0.000000
14-44-59.wav,ead26ab27f79a7a05071dae0c6f2ed07e09d32373c7ba827e57cdd722fdad147,Cycles,376,7520.0,334,280,143,200,11,540.0,2.244,7.893,NaN,false,0.000000
14-44-59.wav,ead26ab27f79a7a05071dae0c6f2ed07e09d32373c7ba827e57cdd722fdad147,Spectrum,376,7520.0,334,280,54,103,6,2160.0,0.154,164.687,NaN,false,0.000000
14-44-59.wav,ead26ab27f79a7a05071dae0c6f2ed07e09d32373c7ba827e57cdd722fdad147,Recording,376,7520.0,334,280,174,198,6,520.0,NaN,NaN,0.209,false,0.006000
16-1-7.wav,04b4ef85991daf835aec36d315809b956e605c3c86a73ab178835f8c22b50e46,Current,1249,24980.0,992,898,469,571,15,2000.0,74.765,105.541,NaN,false,0.000000
16-1-7.wav,04b4ef85991daf835aec36d315809b956e605c3c86a73ab178835f8c22b50e46,Cycles,1249,24980.0,992,898,204,539,28,1960.0,6.805,7.808,NaN,false,0.000000
16-1-7.wav,04b4ef85991daf835aec36d315809b956e605c3c86a73ab178835f8c22b50e46,Spectrum,1249,24980.0,992,898,34,132,6,7240.0,0.117,179.988,NaN,false,0.000000
16-1-7.wav,04b4ef85991daf835aec36d315809b956e605c3c86a73ab178835f8c22b50e46,Recording,1249,24980.0,992,898,401,587,20,2540.0,NaN,NaN,0.777,true,0.015722
16-44-59.wav,fcd30b540755407597513cc36ab70c590ee7bbc3108ed0165373020a57e6cff8,Current,744,14880.0,489,428,333,394,3,3980.0,74.546,104.362,NaN,false,0.000000
16-44-59.wav,fcd30b540755407597513cc36ab70c590ee7bbc3108ed0165373020a57e6cff8,Cycles,744,14880.0,489,428,109,255,11,5000.0,2.261,7.712,NaN,false,0.000000
16-44-59.wav,fcd30b540755407597513cc36ab70c590ee7bbc3108ed0165373020a57e6cff8,Spectrum,744,14880.0,489,428,42,150,5,5080.0,0.107,165.334,NaN,false,0.000000
16-44-59.wav,fcd30b540755407597513cc36ab70c590ee7bbc3108ed0165373020a57e6cff8,Recording,744,14880.0,489,428,131,158,3,8000.0,NaN,NaN,0.352,false,0.006000
17-1-7.wav,c3c3058caea42ab97f0b7bf25c475016b45669a3a3ec7c15277e0de6e3686f2e,Current,1025,20500.0,551,466,276,407,16,1040.0,74.537,96.480,NaN,false,0.000000
17-1-7.wav,c3c3058caea42ab97f0b7bf25c475016b45669a3a3ec7c15277e0de6e3686f2e,Cycles,1025,20500.0,551,466,78,134,10,1600.0,0.211,8.013,NaN,false,0.000000
17-1-7.wav,c3c3058caea42ab97f0b7bf25c475016b45669a3a3ec7c15277e0de6e3686f2e,Spectrum,1025,20500.0,551,466,8,15,1,11820.0,0.099,158.136,NaN,false,0.000000
17-1-7.wav,c3c3058caea42ab97f0b7bf25c475016b45669a3a3ec7c15277e0de6e3686f2e,Recording,1025,20500.0,551,466,37,55,2,2000.0,NaN,NaN,0.428,false,0.006000
17-44-59.wav,a4d09ff8fb4398af643126e23a33281aa4a395ceb65cadae49b1ded1fec71c8b,Current,310,6200.0,195,129,107,190,6,1020.0,68.889,104.325,NaN,false,0.000000
17-44-59.wav,a4d09ff8fb4398af643126e23a33281aa4a395ceb65cadae49b1ded1fec71c8b,Cycles,310,6200.0,195,129,6,3,1,2200.0,0.200,3.290,NaN,false,0.000000
17-44-59.wav,a4d09ff8fb4398af643126e23a33281aa4a395ceb65cadae49b1ded1fec71c8b,Spectrum,310,6200.0,195,129,0,0,0,-1.0,0.097,91.728,NaN,false,0.000000
17-44-59.wav,a4d09ff8fb4398af643126e23a33281aa4a395ceb65cadae49b1ded1fec71c8b,Recording,310,6200.0,195,129,22,45,1,3920.0,NaN,NaN,0.094,false,0.006000
18-1-7.wav,1105eab8ff2524a0e29163db10f132957d265eb1aefd6fa6923b70802f4e7a9a,Current,1742,34840.0,1222,811,531,937,25,420.0,74.339,103.612,NaN,false,0.000000
18-1-7.wav,1105eab8ff2524a0e29163db10f132957d265eb1aefd6fa6923b70802f4e7a9a,Cycles,1742,34840.0,1222,811,191,460,39,3300.0,0.717,7.716,NaN,false,0.000000
18-1-7.wav,1105eab8ff2524a0e29163db10f132957d265eb1aefd6fa6923b70802f4e7a9a,Spectrum,1742,34840.0,1222,811,16,57,2,28260.0,0.099,151.897,NaN,false,0.000000
18-1-7.wav,1105eab8ff2524a0e29163db10f132957d265eb1aefd6fa6923b70802f4e7a9a,Recording,1742,34840.0,1222,811,371,514,18,360.0,NaN,NaN,0.787,true,0.006000
18-44-59.wav,afa76ec36f7ec40ca2ff2e76f4ef0753b533f3d71ad3624f3100f5fa5c55bda9,Current,467,9340.0,313,210,132,203,7,3540.0,68.903,99.710,NaN,false,0.000000
18-44-59.wav,afa76ec36f7ec40ca2ff2e76f4ef0753b533f3d71ad3624f3100f5fa5c55bda9,Cycles,467,9340.0,313,210,24,35,4,4360.0,0.203,4.138,NaN,false,0.000000
18-44-59.wav,afa76ec36f7ec40ca2ff2e76f4ef0753b533f3d71ad3624f3100f5fa5c55bda9,Spectrum,467,9340.0,313,210,2,0,1,8660.0,0.098,89.163,NaN,false,0.000000
18-44-59.wav,afa76ec36f7ec40ca2ff2e76f4ef0753b533f3d71ad3624f3100f5fa5c55bda9,Recording,467,9340.0,313,210,33,47,2,7880.0,NaN,NaN,0.146,false,0.006000
19-1-7.wav,9a7dddebb6895988bd295d4be1ffd104d1cb200b755f6fb687f018cbc101ea71,Current,707,14140.0,615,537,330,462,12,860.0,74.410,104.126,NaN,false,0.000000
19-1-7.wav,9a7dddebb6895988bd295d4be1ffd104d1cb200b755f6fb687f018cbc101ea71,Cycles,707,14140.0,615,537,208,318,21,1880.0,3.595,8.189,NaN,false,0.000000
19-1-7.wav,9a7dddebb6895988bd295d4be1ffd104d1cb200b755f6fb687f018cbc101ea71,Spectrum,707,14140.0,615,537,135,217,4,8940.0,0.198,164.860,NaN,false,0.000000
19-1-7.wav,9a7dddebb6895988bd295d4be1ffd104d1cb200b755f6fb687f018cbc101ea71,Recording,707,14140.0,615,537,351,394,10,1860.0,NaN,NaN,0.403,false,0.006000
19-44-59.wav,ff90a724e5acb6566576f62b02cb88bd020de120b7ff2dcd234be0815c5db598,Current,331,6620.0,280,229,140,262,8,840.0,70.431,92.822,NaN,false,0.000000
19-44-59.wav,ff90a724e5acb6566576f62b02cb88bd020de120b7ff2dcd234be0815c5db598,Cycles,331,6620.0,280,229,39,48,8,960.0,1.258,7.256,NaN,false,0.000000
19-44-59.wav,ff90a724e5acb6566576f62b02cb88bd020de120b7ff2dcd234be0815c5db598,Spectrum,331,6620.0,280,229,9,3,2,1680.0,0.141,141.423,NaN,false,0.000000
19-44-59.wav,ff90a724e5acb6566576f62b02cb88bd020de120b7ff2dcd234be0815c5db598,Recording,331,6620.0,280,229,41,39,4,2080.0,NaN,NaN,0.305,false,0.006000
2-1-7.wav,e85ad9741b30170c0420f6ba76cf8501e3d9c7f9846319b0eb2e771658bf1b33,Current,745,14900.0,621,476,269,430,12,1120.0,75.257,88.670,NaN,false,0.000000
2-1-7.wav,e85ad9741b30170c0420f6ba76cf8501e3d9c7f9846319b0eb2e771658bf1b33,Cycles,745,14900.0,621,476,123,272,18,3680.0,2.290,8.864,NaN,false,0.000000
2-1-7.wav,e85ad9741b30170c0420f6ba76cf8501e3d9c7f9846319b0eb2e771658bf1b33,Spectrum,745,14900.0,621,476,26,111,4,6940.0,0.206,180.964,NaN,false,0.000000
2-1-7.wav,e85ad9741b30170c0420f6ba76cf8501e3d9c7f9846319b0eb2e771658bf1b33,Recording,745,14900.0,621,476,250,359,14,920.0,NaN,NaN,1.874,false,0.006000
2-44-59.wav,d246d271ea7ebad33b9d66b06499cd452302dde8bb9c4eedb63602f3bdd256d9,Current,509,10180.0,392,343,180,239,8,1020.0,75.999,89.605,NaN,false,0.000000
2-44-59.wav,d246d271ea7ebad33b9d66b06499cd452302dde8bb9c4eedb63602f3bdd256d9,Cycles,509,10180.0,392,343,41,86,8,2200.0,2.275,8.013,NaN,false,0.000000
2-44-59.wav,d246d271ea7ebad33b9d66b06499cd452302dde8bb9c4eedb63602f3bdd256d9,Spectrum,509,10180.0,392,343,36,80,2,3200.0,0.208,213.968,NaN,false,0.000000
2-44-59.wav,d246d271ea7ebad33b9d66b06499cd452302dde8bb9c4eedb63602f3bdd256d9,Recording,509,10180.0,392,343,114,218,5,1880.0,NaN,NaN,0.600,false,0.006000
3-1-7.wav,c43fd113f53dd30609c7025dc8c0204e21376acaf575c1cba5bd842f8f7294dd,Current,655,13100.0,502,451,421,491,8,2180.0,79.012,92.462,NaN,false,0.000000
3-1-7.wav,c43fd113f53dd30609c7025dc8c0204e21376acaf575c1cba5bd842f8f7294dd,Cycles,655,13100.0,502,451,89,204,20,2140.0,4.318,10.138,NaN,false,0.000000
3-1-7.wav,c43fd113f53dd30609c7025dc8c0204e21376acaf575c1cba5bd842f8f7294dd,Spectrum,655,13100.0,502,451,2,0,1,12260.0,0.247,221.397,NaN,false,0.000000
3-1-7.wav,c43fd113f53dd30609c7025dc8c0204e21376acaf575c1cba5bd842f8f7294dd,Recording,655,13100.0,502,451,220,285,8,3380.0,NaN,NaN,0.749,false,0.006000
3-44-59.wav,bc69cbc357a72b9618d271c3f1f60a8f169d5a976e0bb9bf73c0ebf4f0d6544c,Current,300,6000.0,258,225,172,156,5,640.0,83.985,95.067,NaN,false,0.000000
3-44-59.wav,bc69cbc357a72b9618d271c3f1f60a8f169d5a976e0bb9bf73c0ebf4f0d6544c,Cycles,300,6000.0,258,225,82,152,12,1460.0,5.624,11.703,NaN,false,0.000000
3-44-59.wav,bc69cbc357a72b9618d271c3f1f60a8f169d5a976e0bb9bf73c0ebf4f0d6544c,Spectrum,300,6000.0,258,225,14,40,2,1740.0,0.203,168.437,NaN,false,0.000000
3-44-59.wav,bc69cbc357a72b9618d271c3f1f60a8f169d5a976e0bb9bf73c0ebf4f0d6544c,Recording,300,6000.0,258,225,136,202,4,1260.0,NaN,NaN,0.085,false,0.006000
4-1-7.wav,df44e83ffd44c27e852f5066b850b118c489d375413030757784898e6b58cad1,Current,684,13680.0,573,517,378,507,14,1560.0,76.788,90.502,NaN,false,0.000000
4-1-7.wav,df44e83ffd44c27e852f5066b850b118c489d375413030757784898e6b58cad1,Cycles,684,13680.0,573,517,85,229,15,1840.0,3.386,11.146,NaN,false,0.000000
4-1-7.wav,df44e83ffd44c27e852f5066b850b118c489d375413030757784898e6b58cad1,Spectrum,684,13680.0,573,517,2,0,1,5840.0,0.207,167.882,NaN,false,0.000000
4-1-7.wav,df44e83ffd44c27e852f5066b850b118c489d375413030757784898e6b58cad1,Recording,684,13680.0,573,517,225,249,7,1460.0,NaN,NaN,0.239,false,0.006000
4-44-59.wav,fef255f4c1406edd2af835ad755fd4009a100e5dea894f30c5aaa90e57652c81,Current,257,5140.0,196,157,128,166,3,1400.0,73.000,83.504,NaN,false,0.000000
4-44-59.wav,fef255f4c1406edd2af835ad755fd4009a100e5dea894f30c5aaa90e57652c81,Cycles,257,5140.0,196,157,57,83,7,1860.0,1.487,7.698,NaN,false,0.000000
4-44-59.wav,fef255f4c1406edd2af835ad755fd4009a100e5dea894f30c5aaa90e57652c81,Spectrum,257,5140.0,196,157,6,1,2,2340.0,0.168,150.863,NaN,false,0.000000
4-44-59.wav,fef255f4c1406edd2af835ad755fd4009a100e5dea894f30c5aaa90e57652c81,Recording,257,5140.0,196,157,109,123,5,1600.0,NaN,NaN,0.054,false,0.006000
5-1-7.wav,6e591872a009f33f4f85666bce2c50b372ff1b322c6187e0ed53fd6364835f76,Current,582,11640.0,541,320,323,439,10,760.0,73.226,87.970,NaN,false,0.000000
5-1-7.wav,6e591872a009f33f4f85666bce2c50b372ff1b322c6187e0ed53fd6364835f76,Cycles,582,11640.0,541,320,78,118,16,1060.0,1.741,7.486,NaN,false,0.000000
5-1-7.wav,6e591872a009f33f4f85666bce2c50b372ff1b322c6187e0ed53fd6364835f76,Spectrum,582,11640.0,541,320,4,6,1,4880.0,0.183,155.921,NaN,false,0.000000
5-1-7.wav,6e591872a009f33f4f85666bce2c50b372ff1b322c6187e0ed53fd6364835f76,Recording,582,11640.0,541,320,109,112,3,700.0,NaN,NaN,0.163,false,0.006000
5-44-59.wav,c19d9b058106af81e55b3b1e24f0806dee4de0e4860db094b9100ab36e7fb8bc,Current,415,8300.0,393,335,229,366,7,760.0,75.301,91.682,NaN,false,0.000000
5-44-59.wav,c19d9b058106af81e55b3b1e24f0806dee4de0e4860db094b9100ab36e7fb8bc,Cycles,415,8300.0,393,335,53,146,9,2520.0,1.840,6.827,NaN,false,0.000000
5-44-59.wav,c19d9b058106af81e55b3b1e24f0806dee4de0e4860db094b9100ab36e7fb8bc,Spectrum,415,8300.0,393,335,40,80,1,6660.0,0.154,140.366,NaN,false,0.000000
5-44-59.wav,c19d9b058106af81e55b3b1e24f0806dee4de0e4860db094b9100ab36e7fb8bc,Recording,415,8300.0,393,335,60,107,3,3980.0,NaN,NaN,0.112,false,0.006000
6-1-7.wav,c118d735709394d587e187df84e930788589ab7dce0edfe5450dfc7ad89902e0,Current,700,14000.0,609,423,410,536,11,460.0,73.926,84.531,NaN,false,0.000000
6-1-7.wav,c118d735709394d587e187df84e930788589ab7dce0edfe5450dfc7ad89902e0,Cycles,700,14000.0,609,423,86,186,13,1120.0,1.897,7.854,NaN,false,0.000000
6-1-7.wav,c118d735709394d587e187df84e930788589ab7dce0edfe5450dfc7ad89902e0,Spectrum,700,14000.0,609,423,16,47,2,4460.0,0.192,161.788,NaN,false,0.000000
6-1-7.wav,c118d735709394d587e187df84e930788589ab7dce0edfe5450dfc7ad89902e0,Recording,700,14000.0,609,423,117,208,6,1420.0,NaN,NaN,0.363,true,0.016686
6-44-59.wav,b0ed2bc6511fa7b68883effd9f236f1f3687fb3ab5f0ab37acdd6a7c887c2981,Current,263,5260.0,230,168,78,105,2,680.0,76.697,91.261,NaN,false,0.000000
6-44-59.wav,b0ed2bc6511fa7b68883effd9f236f1f3687fb3ab5f0ab37acdd6a7c887c2981,Cycles,263,5260.0,230,168,51,86,10,760.0,4.499,9.076,NaN,false,0.000000
6-44-59.wav,b0ed2bc6511fa7b68883effd9f236f1f3687fb3ab5f0ab37acdd6a7c887c2981,Spectrum,263,5260.0,230,168,10,25,2,4460.0,0.218,171.292,NaN,false,0.000000
6-44-59.wav,b0ed2bc6511fa7b68883effd9f236f1f3687fb3ab5f0ab37acdd6a7c887c2981,Recording,263,5260.0,230,168,80,144,5,1580.0,NaN,NaN,0.089,false,0.006000
7-1-7.wav,0a4616b9959c0f411d6e88dd97ea05c19cd3e4c53d51298b6a6509982ca9dd8c,Current,636,12720.0,612,417,328,438,10,440.0,71.829,83.498,NaN,false,0.000000
7-1-7.wav,0a4616b9959c0f411d6e88dd97ea05c19cd3e4c53d51298b6a6509982ca9dd8c,Cycles,636,12720.0,612,417,136,239,20,560.0,2.564,7.740,NaN,false,0.000000
7-1-7.wav,0a4616b9959c0f411d6e88dd97ea05c19cd3e4c53d51298b6a6509982ca9dd8c,Spectrum,636,12720.0,612,417,10,49,2,1160.0,0.184,151.104,NaN,false,0.000000
7-1-7.wav,0a4616b9959c0f411d6e88dd97ea05c19cd3e4c53d51298b6a6509982ca9dd8c,Recording,636,12720.0,612,417,173,213,10,1700.0,NaN,NaN,0.205,false,0.006000
7-44-59.wav,92cd23aba2e9269af6555f78e1d25b2d0d6a31e753b4c01439b5baf0f83ece54,Current,374,7480.0,357,269,145,201,4,920.0,74.715,102.569,NaN,false,0.000000
7-44-59.wav,92cd23aba2e9269af6555f78e1d25b2d0d6a31e753b4c01439b5baf0f83ece54,Cycles,374,7480.0,357,269,61,149,8,1720.0,4.266,8.147,NaN,false,0.000000
7-44-59.wav,92cd23aba2e9269af6555f78e1d25b2d0d6a31e753b4c01439b5baf0f83ece54,Spectrum,374,7480.0,357,269,50,58,2,2000.0,0.186,168.110,NaN,false,0.000000
7-44-59.wav,92cd23aba2e9269af6555f78e1d25b2d0d6a31e753b4c01439b5baf0f83ece54,Recording,374,7480.0,357,269,157,233,5,800.0,NaN,NaN,0.134,false,0.006000
9-1-7.wav,1f93dbb044f76ace96073c1c6eac6867ad2b427b58596c57a9e7da61ee680bdc,Current,744,14880.0,686,591,467,524,6,400.0,76.183,101.377,NaN,false,0.000000
9-1-7.wav,1f93dbb044f76ace96073c1c6eac6867ad2b427b58596c57a9e7da61ee680bdc,Cycles,744,14880.0,686,591,266,465,24,1420.0,6.078,8.316,NaN,false,0.000000
9-1-7.wav,1f93dbb044f76ace96073c1c6eac6867ad2b427b58596c57a9e7da61ee680bdc,Spectrum,744,14880.0,686,591,146,251,4,6900.0,0.210,178.887,NaN,false,0.000000
9-1-7.wav,1f93dbb044f76ace96073c1c6eac6867ad2b427b58596c57a9e7da61ee680bdc,Recording,744,14880.0,686,591,351,425,6,1300.0,NaN,NaN,0.280,false,0.006000
9-44-59.wav,4d8b42f9d34f76d1747ba2c6f35112e9ec89aeec9ed7fdc2ab0a0155183ea514,Current,446,8920.0,405,345,250,405,7,420.0,72.899,98.986,NaN,false,0.000000
9-44-59.wav,4d8b42f9d34f76d1747ba2c6f35112e9ec89aeec9ed7fdc2ab0a0155183ea514,Cycles,446,8920.0,405,345,146,136,8,1120.0,2.043,10.760,NaN,false,0.000000
9-44-59.wav,4d8b42f9d34f76d1747ba2c6f35112e9ec89aeec9ed7fdc2ab0a0155183ea514,Spectrum,446,8920.0,405,345,110,133,3,1780.0,0.168,155.407,NaN,false,0.000000
9-44-59.wav,4d8b42f9d34f76d1747ba2c6f35112e9ec89aeec9ed7fdc2ab0a0155183ea514,Recording,446,8920.0,405,345,193,235,5,360.0,NaN,NaN,0.148,false,0.006000
