clip,seconds,whole_hz,matched_selections,tested_selections
1-1-7,6.8199997,5.572827,5,20
1-44-59,5.2599998,unclear,2,14
14-1-7,8.76,unclear,1,28
14-44-59,3.8999999,unclear,0,8
16-1-7,9.86,unclear,0,32
16-44-59,0.5,unclear,0,0
17-1-7,6.06,unclear,0,17
17-44-59,2.8999999,unclear,0,4
18-1-7,6.16,unclear,1,17
18-44-59,3.46,unclear,0,6
19-1-7,3.48,unclear,0,6
19-44-59,3.48,4.715346,3,6
2-1-7,7.3599997,unclear,0,22
2-44-59,4.7599998,unclear,0,12
3-1-7,5.64,unclear,0,15
3-44-59,2.78,unclear,0,4
4-1-7,5.74,unclear,0,15
4-44-59,2.34,unclear,0,2
5-1-7,4.9,unclear,1,12
5-44-59,5.42,unclear,0,14
6-1-7,6.56,unclear,1,19
6-44-59,2.6599998,unclear,0,3
7-1-7,5.4,unclear,1,14
7-44-59,4.42,unclear,1,10
9-1-7,8.0199995,unclear,0,25
9-44-59,5.38,unclear,2,14
