clip,seconds,candidate_hops,accepted_hops,changed_output_hops
1-1-7,6.82,313,152,130
1-44-59,5.26,193,162,198
14-1-7,8.76,399,144,242
14-44-59,3.9,146,86,149
16-1-7,9.86,453,97,267
16-44-59,0.5,7,0,0
17-1-7,6.06,268,109,185
17-44-59,2.9,101,48,75
18-1-7,6.16,247,82,262
18-44-59,3.46,98,81,124
19-1-7,3.48,128,99,112
19-44-59,3.48,114,84,127
2-1-7,7.36,330,54,260
2-44-59,4.76,201,130,157
3-1-7,5.64,231,168,165
3-44-59,2.78,95,53,105
4-1-7,5.74,232,145,171
4-44-59,2.34,49,25,78
5-1-7,4.9,195,152,195
5-44-59,5.42,204,188,232
6-1-7,6.56,252,181,193
6-44-59,2.66,100,99,104
7-1-7,5.4,214,137,164
7-44-59,4.42,201,70,183
9-1-7,8.02,368,207,239
9-44-59,5.38,204,176,227
